,HBA,HBD,HBA:HBD,T(K),Tc(K),Pc(bar),Fator Acentrico,Density(kg/m3),Calculado Model 1,Calculado Model 2,Calculado Model 3
1087,Tetrabutylammonium chloride,Glutamic acid,8;1,323.15,789.04,14.61,0.8895,952.2,959.5287,978.26733,979.9719
692,Choline chloride,O-Cresol,1;2,298.2,668.78,39.94,0.569,1077.6,1118.0784,1125.4646,1125.3364
1195,Tetraethylammonium bromide,Levulinic acid,1;1,343.15,687.77,28.859,0.6275,1139.7,1143.7513,1128.0498,1139.3911
122,Allyl triphenylphosphonium bromide,Diethylene glycol,1;4,303.15,756.24,30.004,0.97,1193.8,1213.6855,1215.7886,1202.0956
445,Choline chloride,D-Xylose,3;1,296.15,682.12,27.934,1.0381,1220.0,1042.2693,1067.9408,1075.525
1107,Tetrabutylammonium chloride,Glycerol,1;3,333.15,718.68,25.394,1.3077,988.0,1047.8053,1054.1458,1028.0632
228,Benzyl tripropyl ammonium Chloride,Oxalic acid,1;1,338.15,774.01,27.293,0.8586,1231.0,1150.7086,1188.2913,1190.4
566,Choline chloride,Glycerol,1;2,333.15,680.67,33.459,1.2254,1171.8999999999999,1160.7428,1168.4098,1148.0243
13,Acetyl choline chloride,D-Fructose,1;1,323.15,844.6,25.637,1.3743,1247.0,1259.2388,1261.0927,1273.4209
967,"N,N diethylenethanol ammonium chloride",Ethylene glycol,1;4,343.15,604.66,44.874,0.9488,1075.0,1074.125,1069.9755,1069.7217
744,Choline chloride,Phenol,1;6,313.2,661.93,52.851,0.477,1074.5,1098.9177,1091.4275,1077.0481
164,Allyl triphenylphosphonium bromide,Triethylene glycol,1;10,293.15,776.85,26.338,1.0689,1159.2,1162.6982,1170.5007,1193.2452
388,Choline chloride,D-Fructose,2.5;1,298.15,724.47,27.049,1.1611,1259.0,1117.786,1169.1655,1122.6427
1180,Tetraethylammonium chloride,Levulinic acid,1;1,323.15,664.78,28.36,0.6212,1076.1000000000001,1069.2244,1053.864,1074.985
946,"N,N diethylenethanol ammonium chloride",Ethylene glycol,1;3,313.15,606.72,42.693,0.9378,1092.6,1105.8644,1104.5529,1099.6752
610,Choline chloride,Guaiacol,1;3,293.15,696.74,41.799,0.5572,1153.3,1137.6241,1136.4073,1125.8822
738,Choline chloride,Phenol,1;5,313.2,660.49,51.686,0.4848,1076.1000000000001,1099.8385,1092.6812,1080.0057
396,Choline chloride,D-Glucose,2;1,303.15,738.99,27.233,1.2163,1239.7,1158.6815,1213.0114,1179.0853
589,Choline chloride,Glycerol,1;3,333.15,688.99,34.58,1.2835,1184.3999999999999,1193.5265,1195.7913,1170.5459
991,"N,N diethylenethanol ammonium chloride",Glycerol,1;2.03,338.15,689.85,32.445,1.2317,1149.2,1144.055,1149.7832,1162.2584
434,Choline chloride,D-Xylose,1;1,303.15,745.4,29.037,1.3153,1254.0,1242.4634,1225.932,1290.4082
971,"N,N diethylenethanol ammonium chloride",Ethylene glycol,1;4,363.15,604.66,44.874,0.9488,1062.2,1056.7885,1071.2075,1068.3778
895,Methyl triphenylphosphonium bromide,Glycerol,1;3,333.15,801.64,30.416,1.2518,1273.6000000000001,1268.6417,1304.4614,1277.7185
1196,Tetrahexylammonium bromide,Ethylene glycol,1;2,293.15,710.19,22.824,1.0056,1007.8000000000001,1039.4413,1040.9087,1005.2923
120,Allyl triphenylphosphonium bromide,Diethylene glycol,1;4,293.15,756.24,30.004,0.97,1201.1000000000001,1216.0503,1222.0482,1210.6107
1209,Tetrahexylammonium bromide,Glycerol,1;2,303.15,793.24,19.639,1.3155,1039.3,1071.2727,1077.8201,1044.9585
694,Choline chloride,O-Cresol,1;3.91,298.2,678.84,43.53,0.5317,1066.4,1134.9587,1125.7281,1115.4248
730,Choline chloride,Phenol,1;4,303.2,658.52,50.117,0.4959,1086.0,1106.6816,1105.3221,1090.1013
538,Choline chloride,Glycerol,1;1,318.15,664.9,31.424,1.1093,1145.3999999999999,1124.5125,1138.6471,1115.9326
688,Choline chloride,Nfurfuryl alcohol,1;5,303.15,650.84,42.3,0.686,1130.9,1162.524,1121.0765,1160.8202
825,Methyl triphenylphosphonium bromide,Ethylene glycol,1;3,353.15,708.03,37.459,0.9031,1211.9,1198.0599,1199.1505,1175.7378
200,Benzyl tripropyl ammonium Chloride,Glycerol,1;3,308.15,735.27,27.577,1.2862,1123.8,1162.2921,1167.2911,1179.7019
1182,Tetraethylammonium chloride,Levulinic acid,1;1,333.15,664.78,28.36,0.6212,1069.1999999999998,1067.5354,1051.8484,1072.9359
184,Allyl triphenylphosphonium bromide,Triethylene glycol,1;16,338.15,765.16,26.734,1.0819,1112.2,1167.7151,1132.2244,1175.9551
305,benzyldimethyl(2-hydroxyethyl) ammonium chloride,D-Mannose,1;1,318.15,908.27,21.009,1.5684,1249.0,1243.0316,1238.5747,1239.729
240,Benzyl tripropyl ammonium Chloride,Phenol,1;3,338.15,701.16,37.822,0.5152,1030.8999999999999,1071.7535,1044.9811,1093.2034
638,Choline chloride,Levulinic acid,1;2,313.15,702.19,35.396,0.7301,1128.0,1109.4142,1134.4647,1120.3062
935,"N,N diethylenethanol ammonium chloride",Ethylene glycol,1;2.03,333.15,610.36,39.62,0.9203,1077.8000000000002,1083.4507,1085.2657,1081.0591
448,Choline chloride,Ethylene glycol,1;1.78,308.15,602.56,40.124,0.9094,1112.2,1074.6959,1091.0653,1094.2378
1028,Tetrabutylammonium chloride,Asinine,6;1,303.15,808.05,14.827,0.9025,1004.1999999999999,946.8348,961.69604,985.2511
725,Choline chloride,Phenol,1;3,308.2,655.66,47.894,0.5125,1085.8000000000002,1115.309,1110.8484,1096.7235
557,Choline chloride,Glycerol,1;2,353.15,680.67,33.459,1.2254,1157.5,1149.785,1148.6616,1141.2244
1233,Trimethylglicine,Mandelic acid,1;2,363.15,780.73,35.488,0.8301,1180.0,1212.2341,1248.0393,1243.8375
792,L-proline,Lactic acid,1;1,293.15,721.95,48.538,0.8243,1265.1,1231.0544,1225.9966,1226.1221
443,Choline chloride,D-Xylose,1;1,348.15,745.4,29.037,1.3153,1229.0,1234.1099,1211.2958,1282.5477
429,Choline chloride,D-Sucrose,"1,1",296.15,1084.19,32.369,0.9631,1350.0,1423.17,1406.7185,1304.6235
819,Methyl triphenylphosphonium bromide,Ethylene glycol,1;3,323.15,708.03,37.459,0.9031,1232.3999999999999,1196.2506,1197.7744,1176.6869
353,Choline chloride,"1,4-butanediol",1;4,313.15,639.21,34.288,0.9631,1035.4,1084.8157,1070.6396,1072.2072
428,Choline chloride,D-Sorbitol,1;1,303.15,806.24,26.725,1.4613,1279.4,1285.135,1333.3068,1327.6893
276,benzyldimethyl(2-hydroxyethyl) ammonium chloride,D-Fructose,1;1,303.15,906.55,22.857,1.5331,1236.0,1265.3357,1261.5123,1276.7434
479,Choline chloride,Ethylene glycol,1;2,323.15,602.0,40.993,0.9155,1102.7,1082.6859,1092.2805,1089.6385
517,Choline chloride,Ethylene glycol,1;2.57,353.15,600.98,42.868,0.9278,1084.7,1084.0327,1077.8226,1081.1927
726,Choline chloride,Phenol,1;3,313.2,655.66,47.894,0.5125,1082.8999999999999,1118.676,1113.1299,1096.8491
419,Choline chloride,D-Ribose,1;1,313.15,752.84,26.956,1.326,1258.0,1231.7478,1255.5996,1238.8021
664,Choline chloride,Malonic acid,1;1,323.15,689.82,37.159,0.8577,1215.0,1180.6453,1181.1924,1192.173
943,"N,N diethylenethanol ammonium chloride",Ethylene glycol,1;3,298.15,606.72,42.693,0.9378,1101.8,1118.3329,1113.1381,1110.2292
155,Allyl triphenylphosphonium bromide,Triethylene glycol,1;4,303.15,817.24,25.162,1.0247,1183.4,1183.9778,1207.5387,1207.033
1090,Tetrabutylammonium chloride,Glutamic acid,8;1,353.15,789.04,14.61,0.8895,934.0,935.5604,952.07117,967.91895
1166,Tetrabutylammonium chloride,Triethylene glycol,3;1,353.15,767.65,15.394,0.9198,960.0,962.9586,969.559,984.09814
1094,Tetrabutylammonium chloride,Glutamic acid,9;1,333.15,788.15,14.489,0.8863,945.2,953.98724,968.95325,972.80145
840,Methyl triphenylphosphonium bromide,Ethylene glycol,1;4,318.15,684.73,39.865,0.921,1218.5,1214.8245,1214.0349,1205.1017
941,"N,N diethylenethanol ammonium chloride",Ethylene glycol,1;2.03,363.15,610.36,39.62,0.9203,1059.0,1072.3003,1075.4634,1076.378
1018,"N,N diethylenethanol ammonium chloride",Glycerol,1;4,323.15,699.38,34.546,1.3207,1204.8000000000002,1201.7386,1219.2449,1197.9458
778,Citric acid,D-Glucose,1;1,296.15,1042.51,26.873,1.914,1450.0,1429.4255,1433.5181,1433.1143
195,Benzyl tripropyl ammonium Chloride,Ethylene Glycol,1;3,338.15,644.1,33.781,0.9375,1036.0,1110.3704,1066.3975,1074.6661
170,Allyl triphenylphosphonium bromide,Triethylene glycol,1;10,323.15,776.85,26.338,1.0689,1136.7,1169.0424,1150.6808,1183.0911
885,Methyl triphenylphosphonium bromide,Glycerol,1;2.03,358.15,831.16,28.884,1.1859,1264.8,1263.5288,1267.6465,1262.0686
1193,Tetraethylammonium bromide,Levulinic acid,1;1,333.15,687.77,28.859,0.6275,1147.3999999999999,1139.3073,1130.0654,1141.2754
51,Acetyl choline chloride,D-Ribose,1;1,318.15,790.74,25.834,1.2391,1242.0,1232.3625,1221.9846,1210.3142
294,benzyldimethyl(2-hydroxyethyl) ammonium chloride,D-Glucose,1;1,328.15,901.37,23.127,1.5158,1235.0,1253.3331,1253.195,1266.7949
150,Allyl triphenylphosphonium bromide,Diethylene glycol,1;16,333.15,696.23,34.033,1.0176,1117.3,1151.5886,1126.1271,1124.3617
309,benzyldimethyl(2-hydroxyethyl) ammonium chloride,D-Mannose,1;1,338.15,908.27,21.009,1.5684,1237.0,1233.2249,1235.9624,1230.8856
484,Choline chloride,Ethylene glycol,1;2,303.15,602.0,40.993,0.9155,1111.3999999999999,1086.651,1106.7588,1105.2655
354,Choline chloride,"1,4-butanediol",1;4,323.15,639.21,34.288,0.9631,1030.6,1087.6798,1072.2698,1070.3438
1203,Tetrahexylammonium bromide,Ethylene glycol,1;2,328.15,710.19,22.824,1.0056,985.4000000000001,1046.3798,1038.4761,1002.0426
1006,"N,N diethylenethanol ammonium chloride",Glycerol,1;3,338.15,695.61,33.703,1.2865,1180.7,1186.7245,1181.6992,1188.6115
167,Allyl triphenylphosphonium bromide,Triethylene glycol,1;10,308.15,776.85,26.338,1.0689,1148.0,1165.9486,1161.1364,1185.2623
952,"N,N diethylenethanol ammonium chloride",Ethylene glycol,1;3,343.15,606.72,42.693,0.9378,1074.0,1104.3828,1078.7142,1078.5669
713,Choline chloride,P-Cresol,1;2,323.15,668.78,35.458,0.8887,1047.6000000000001,1120.3157,1097.8462,1127.4344
863,Methyl triphenylphosphonium bromide,Ethylene glycol,1;5.25,358.15,666.5,42.132,0.9354,1176.1,1175.4282,1180.7675,1178.6934
480,Choline chloride,Ethylene glycol,1;2,328.15,602.0,40.993,0.9155,1099.9,1082.439,1090.6469,1086.1425
1037,Tetrabutylammonium chloride,Asinine,7;1,333.15,804.52,14.647,0.8969,970.0999999999999,941.8355,957.8899,973.55457
1159,Tetrabutylammonium chloride,Triethylene glycol,2;1,353.15,763.73,16.172,0.9405,970.0,976.35516,976.097,992.698
69,Acetyl choline chloride,D-Xylose,1;1,343.15,782.87,27.631,1.2284,1226.0,1252.071,1246.0725,1244.6431
678,Choline chloride,Malonic acid,1;2,353.15,715.1,42.138,0.8899,1146.6000000000001,1192.0984,1194.919,1172.9955
1080,Tetrabutylammonium chloride,Ethylene glycol,1;4,313.15,590.61,41.852,0.8997,1132.0,1072.4565,1095.0592,1099.5072
350,Choline chloride,"1,4-butanediol",1;3,323.15,637.97,33.672,0.9505,1038.4,1080.5325,1070.727,1076.6405
976,"N,N diethylenethanol ammonium chloride",Glycerol,1;2,313.15,689.61,32.396,1.2295,1167.2,1156.1952,1164.4001,1172.272
474,Choline chloride,Ethylene glycol,1;2,298.15,602.0,40.993,0.9155,1117.0,1089.189,1110.3625,1109.1722
724,Choline chloride,Phenol,1;3,303.2,655.66,47.894,0.5125,1089.0,1114.509,1108.5669,1096.5978
1054,Tetrabutylammonium chloride,Aspartic acid,10;1,323.15,785.14,14.468,0.8819,947.3000000000001,960.8906,981.3467,974.99963
498,Choline chloride,Ethylene glycol,1;2.03,333.15,601.93,41.105,0.9162,1097.3999999999999,1083.0725,1089.757,1085.8132
304,benzyldimethyl(2-hydroxyethyl) ammonium chloride,D-Mannose,1;1,313.15,908.27,21.009,1.5684,1252.0,1245.4833,1240.6196,1241.9398
649,Choline chloride,Levulinic acid,1;3,333.15,712.77,36.736,0.7262,1113.8,1141.383,1152.8461,1149.5112
1218,Trimethylglicine,2-Chloro benzoic acid,1;2,338.15,745.01,38.678,0.5852,1290.0,1208.8691,1191.3615,1193.6935
909,Methyl triphenylphosphonium bromide,Glycerol,1;4,328.15,783.62,31.558,1.2929,1267.3000000000002,1245.8151,1275.3518,1305.8772
175,Allyl triphenylphosphonium bromide,Triethylene glycol,1;16,293.15,765.16,26.734,1.0819,1146.2,1159.5442,1159.7274,1185.9795
855,Methyl triphenylphosphonium bromide,Ethylene glycol,1;5.25,318.15,666.5,42.132,0.9354,1205.2,1192.0615,1205.5497,1185.25
97,Acetyl choline chloride,Imidazole,1;2,363.15,641.14,43.55,0.4345,1089.5,1098.9146,1104.4265,1091.5249
101,Acetyl choline chloride,Imidazole,1;3,333.15,635.41,47.708,0.4154,1142.1,1138.039,1106.5685,1096.2808
37,Acetyl choline chloride,D-Mannose,1;1,313.15,846.26,23.489,1.4097,1262.0,1246.1082,1240.4194,1242.3042
600,Choline chloride,Glycolic acid,1;1,308.15,641.53,38.243,0.8667,1189.0,1113.373,1099.6102,1135.6313
394,Choline chloride,D-Fructose,2.5;1,358.15,724.47,27.049,1.1611,1226.9,1116.5333,1143.9493,1115.8933
524,Choline chloride,Glutaric acid,1;1,308.15,713.43,32.237,0.8782,1182.0,1130.7809,1148.5316,1136.4742
535,Choline chloride,Glycerol,1;1,303.15,664.9,31.424,1.1093,1153.5,1125.3506,1150.2424,1126.8053
742,Choline chloride,Phenol,1;6,303.2,661.93,52.851,0.477,1081.8000000000002,1101.4285,1102.1854,1083.0499
606,Choline chloride,Glycolic acid,1;1,338.15,641.53,38.243,0.8667,1172.0,1118.9095,1093.349,1129.1025
199,Benzyl tripropyl ammonium Chloride,Glycerol,1;3,303.15,735.27,27.577,1.2862,1126.9,1164.6078,1171.8976,1180.7001
822,Methyl triphenylphosphonium bromide,Ethylene glycol,1;3,338.15,708.03,37.459,0.9031,1222.3,1203.3596,1192.2731,1173.8818
478,Choline chloride,Ethylene glycol,1;2,318.15,602.0,40.993,0.9155,1105.6,1082.9327,1093.9141,1093.5453
174,Allyl triphenylphosphonium bromide,Triethylene glycol,1;10,343.15,776.85,26.338,1.0689,1121.6999999999998,1168.725,1145.6152,1184.9535
686,Choline chloride,Nfurfuryl alcohol,1;4,323.15,649.45,41.414,0.689,1117.1,1153.1228,1113.8099,1150.4213
609,Choline chloride,Glycolic acid,1;1,353.15,641.53,38.243,0.8667,1164.0,1105.5044,1088.4478,1126.762
773,Choline chloride,Urea,1;2,333.15,644.44,49.536,0.6509,1177.3,1141.1725,1135.743,1170.3724
698,Choline chloride,P-Chlorophenol,1;2,293.15,687.25,41.62,0.5575,1203.1000000000001,1135.9877,1134.0398,1126.1716
189,Benzyl tripropyl ammonium Chloride,Ethylene Glycol,1;3,308.15,644.1,33.781,0.9375,1054.4,1082.7754,1066.3245,1080.2562
919,"N,N diethylenethanol ammonium chloride",Ethylene glycol,1;2,303.15,610.52,39.503,0.9195,1096.8,1083.9601,1097.025,1096.8203
815,Methyl triphenylphosphonium bromide,Ethylene glycol,1;3,303.15,708.03,37.459,0.9031,1242.3999999999999,1212.2944,1215.0154,1190.142
891,Methyl triphenylphosphonium bromide,Glycerol,1;3,313.15,801.64,30.416,1.2518,1287.0,1291.4825,1310.0667,1293.0835
619,Choline chloride,Guaiacol,1;5,303.15,705.84,44.112,0.5346,1143.3999999999999,1109.2792,1120.6125,1127.4977
834,Methyl triphenylphosphonium bromide,Ethylene glycol,1;4,348.15,684.73,39.865,0.921,1197.2,1204.2029,1194.9031,1193.337
674,Choline chloride,Malonic acid,1;2,313.15,715.1,42.138,0.8899,1172.3,1218.7603,1217.427,1193.2827
391,Choline chloride,D-Fructose,2.5;1,328.15,724.47,27.049,1.1611,1243.3000000000002,1109.2565,1133.6388,1105.0544
1085,Tetrabutylammonium chloride,Glutamic acid,8;1,303.15,789.04,14.61,0.8895,964.0999999999999,959.23987,976.95734,987.95325
466,Choline chloride,Ethylene glycol,1;2,328.15,602.0,40.993,0.9155,1099.6999999999998,1082.439,1090.6469,1086.1425
861,Methyl triphenylphosphonium bromide,Ethylene glycol,1;5.25,348.15,666.5,42.132,0.9354,1183.4,1185.1342,1178.4271,1178.786
36,Acetyl choline chloride,D-Mannose,1;1,308.15,846.26,23.489,1.4097,1266.0,1248.5599,1242.4641,1244.515
772,Choline chloride,Urea,1;2,323.15,644.44,49.536,0.6509,1183.1000000000001,1143.6832,1133.9491,1176.2136
112,Acetyl choline chloride,Levulinic acid,1;1,328.15,718.54,31.228,0.6509,1117.8999999999999,1129.4894,1105.0065,1105.6293
1138,Tetrabutylammonium chloride,Propionic acid,1;2,303.15,650.01,28.199,0.6578,962.7,1005.4298,1015.93884,998.05383
1162,Tetrabutylammonium chloride,Triethylene glycol,3;1,313.15,767.65,15.394,0.9198,984.0,988.2544,994.78357,998.5194
570,Choline chloride,Glycerol,1;2.03,313.15,681.0,33.502,1.2277,1183.8,1179.5225,1179.7928,1158.8302
436,Choline chloride,D-Xylose,1;1,313.15,745.4,29.037,1.3153,1248.0,1238.8986,1224.7737,1288.4119
879,Methyl triphenylphosphonium bromide,Glycerol,1;2.03,328.15,831.16,28.884,1.1859,1285.1,1272.1418,1297.1672,1284.9131
747,Choline chloride,Tartaric acid,1;1,296.15,782.84,30.449,1.2866,1260.0,1294.6322,1292.3374,1348.5591
449,Choline chloride,Ethylene glycol,1;1.78,313.15,602.56,40.124,0.9094,1109.6999999999998,1073.9523,1089.1761,1090.3309
80,Acetyl choline chloride,Guaiacol,1;5,293.15,717.76,42.959,0.5056,1152.7,1107.0968,1128.2236,1144.3116
723,Choline chloride,Phenol,1;3,298.2,655.66,47.894,0.5125,1092.1000000000001,1114.3513,1114.284,1099.0656
438,Choline chloride,D-Xylose,1;1,323.15,745.4,29.037,1.3153,1243.0,1232.6196,1221.6831,1286.4154
7,Acetyl choline chloride,D-Fructose,1;1,293.15,844.6,25.637,1.3743,1266.0,1277.1158,1270.272,1286.686
1089,Tetrabutylammonium chloride,Glutamic acid,8;1,343.15,789.04,14.61,0.8895,940.2,948.06165,959.1013,971.8912
159,Allyl triphenylphosphonium bromide,Triethylene glycol,1;4,323.15,817.24,25.162,1.0247,1168.7,1174.9933,1194.6354,1206.0046
964,"N,N diethylenethanol ammonium chloride",Ethylene glycol,1;4,328.15,604.66,44.874,0.9488,1084.6,1080.753,1081.5032,1079.5352
137,Allyl triphenylphosphonium bromide,Diethylene glycol,1;10,323.15,709.6,32.969,1.0068,1138.0,1132.7831,1111.43,1152.2524
131,Allyl triphenylphosphonium bromide,Diethylene glycol,1;10,293.15,709.6,32.969,1.0068,1159.8999999999999,1145.89,1147.5734,1167.8044
1225,Trimethylglicine,2-Chloro benzoic acid,1;2,373.15,745.01,38.678,0.5852,1220.0,1199.6283,1230.7539,1197.7512
1122,Tetrabutylammonium chloride,Glycerol,1;5,343.15,715.64,28.558,1.3576,1006.9999999999999,1080.6432,1023.457,1126.9414
416,Choline chloride,D-Ribose,1;1,298.15,752.84,26.956,1.326,1267.0,1236.9656,1264.6545,1241.7966
269,Betaine,Levulinic acid,1;2,323.15,701.24,38.938,0.6195,1140.6000000000001,1120.8091,1134.8572,1126.8927
33,Acetyl choline chloride,D-Mannose,1;1,293.15,846.26,23.489,1.4097,1275.0,1255.9149,1248.5984,1251.1477
576,Choline chloride,Glycerol,1;2.03,343.15,681.0,33.502,1.2277,1167.4,1158.1436,1156.8477,1146.486
173,Allyl triphenylphosphonium bromide,Triethylene glycol,1;10,338.15,776.85,26.338,1.0689,1125.5,1167.5746,1143.9137,1184.4879
587,Choline chloride,Glycerol,1;3,323.15,688.99,34.58,1.2835,1189.1000000000001,1195.783,1201.9758,1173.5057
1236,Trimethylglicine,Phenylacetic acid,1;2,333.15,725.69,37.334,0.5804,1130.0,1153.6298,1137.0421,1147.8398
928,"N,N diethylenethanol ammonium chloride",Ethylene glycol,1;2.03,298.15,610.36,39.62,0.9203,1099.5,1087.6266,1102.1614,1101.5911
79,Acetyl choline chloride,Guaiacol,1;4,323.15,716.52,41.858,0.5089,1131.6999999999998,1122.9993,1121.6385,1146.4836
38,Acetyl choline chloride,D-Mannose,1;1,318.15,846.26,23.489,1.4097,1259.0,1243.6565,1238.4235,1240.0934
392,Choline chloride,D-Fructose,2.5;1,338.15,724.47,27.049,1.1611,1237.9,1105.1367,1135.0999,1105.0609
197,Benzyl tripropyl ammonium Chloride,Glycerol,1;3,293.15,735.27,27.577,1.2862,1133.0,1169.2389,1184.6163,1182.6964
407,Choline chloride,D-Mannose,1;1,318.15,807.51,24.301,1.4966,1267.0,1256.8462,1304.4755,1282.7179
234,Benzyl tripropyl ammonium Chloride,Phenol,1;3,308.15,701.16,37.822,0.5152,1050.5,1060.2169,1052.5499,1092.9631
1120,Tetrabutylammonium chloride,Glycerol,1;5,323.15,715.64,28.558,1.3576,1020.0,1084.7201,1039.8917,1129.6582
461,Choline chloride,Ethylene glycol,1;2,303.15,602.0,40.993,0.9155,1113.8999999999999,1086.651,1106.7588,1105.2655
362,Choline chloride,"2,3-butanediol",1;4,313.15,641.64,35.04,0.9405,1026.5,1085.8572,1077.8905,1071.3083
852,Methyl triphenylphosphonium bromide,Ethylene glycol,1;5.25,303.15,666.5,42.132,0.9354,1216.3,1203.8179,1210.2346,1188.6003
721,Choline chloride,Phenol,1;2,318.2,651.15,44.498,0.5401,1084.3,1145.1566,1126.3611,1116.658
414,Choline chloride,D-Mannose,1;1,353.15,807.51,24.301,1.4966,1248.0,1254.0845,1292.7189,1267.3743
756,Choline chloride,Urea,1;2,303.15,644.44,49.536,0.6509,1187.8999999999999,1149.683,1155.465,1187.8958
501,Choline chloride,Ethylene glycol,1;2.03,348.15,601.93,41.105,0.9162,1088.5,1075.6636,1084.8558,1083.4727
1124,Tetrabutylammonium chloride,phenylacetic acid,1;2,288.15,773.43,24.934,0.7232,1046.8,1094.5177,1093.0,1063.7733
272,Betaine,Levulinic acid,1;2,338.15,701.24,38.938,0.6195,1130.1000000000001,1139.8143,1135.5403,1127.0967
1213,Tetrahexylammonium bromide,Glycerol,1;2,323.15,793.24,19.639,1.3155,1026.3,1069.3157,1060.7709,1034.3147
1065,Tetrabutylammonium chloride,Ethylene glycol,1;2,303.15,588.75,35.684,0.8377,1099.0,1011.6096,1040.0947,1048.5024
1158,Tetrabutylammonium chloride,Triethylene glycol,2;1,343.15,763.73,16.172,0.9405,976.0,988.85645,976.08527,995.02637
899,Methyl triphenylphosphonium bromide,Glycerol,1;3,353.15,801.64,30.416,1.2518,1259.3000000000002,1266.4232,1291.4874,1262.2432
629,Choline chloride,Levulinic acid,1;1,328.15,681.5,32.89,0.7378,1116.7,1095.2627,1129.2139,1122.0232
881,Methyl triphenylphosphonium bromide,Glycerol,1;2.03,338.15,831.16,28.884,1.1859,1278.2,1260.7213,1285.188,1277.2983
487,Choline chloride,Ethylene glycol,1;2,333.15,602.0,40.993,0.9155,1094.7,1082.192,1089.0131,1085.3623
577,Choline chloride,Glycerol,1;2.03,348.15,681.0,33.502,1.2277,1165.5,1155.2737,1150.5605,1144.786
482,Choline chloride,Ethylene glycol,1;2,283.15,602.0,40.993,0.9155,1122.9,1096.8026,1123.6194,1122.2334
1026,"N,N diethylenethanol ammonium chloride",Glycerol,1;4,363.15,699.38,34.546,1.3207,1180.7,1185.3539,1189.733,1186.6605
1205,Tetrahexylammonium bromide,Ethylene glycol,1;2,338.15,710.19,22.824,1.0056,978.9,1043.4933,1039.2302,1003.015
922,"N,N diethylenethanol ammonium chloride",Ethylene glycol,1;2,318.15,610.52,39.503,0.9195,1087.9,1083.4064,1089.4453,1085.1001
1174,Tetraethylammonium chloride,Levulinic acid,1;1,293.15,664.78,28.36,0.6212,1097.3999999999999,1069.2623,1071.1082,1077.8722
655,Choline chloride,Levulinic acid,1;5,313.15,723.53,38.138,0.7224,1127.0,1161.9603,1164.2312,1177.8224
1156,Tetrabutylammonium chloride,Triethylene glycol,2;1,323.15,763.73,16.172,0.9405,989.0,1001.6841,997.3421,1002.9268
763,Choline chloride,Urea,1;2,328.15,644.44,49.536,0.6509,1182.1999999999998,1142.4279,1133.4618,1173.2931
1007,"N,N diethylenethanol ammonium chloride",Glycerol,1;3,343.15,695.61,33.703,1.2865,1177.7,1185.5962,1176.2743,1187.3827
284,benzyldimethyl(2-hydroxyethyl) ammonium chloride,D-Fructose,1;1,343.15,906.55,22.857,1.5331,1210.0,1245.722,1249.8429,1259.0565
532,Choline chloride,Glutaric acid,1;1,348.15,713.43,32.237,0.8782,1158.0,1125.526,1154.508,1131.6068
693,Choline chloride,O-Cresol,1;3,298.2,675.19,42.199,0.545,1070.7,1127.2258,1132.603,1120.5646
163,Allyl triphenylphosphonium bromide,Triethylene glycol,1;4,343.15,817.24,25.162,1.0247,1153.8999999999999,1171.3574,1190.8523,1208.1127
528,Choline chloride,Glutaric acid,1;1,328.15,713.43,32.237,0.8782,1170.0,1113.9576,1149.8765,1131.0082
968,"N,N diethylenethanol ammonium chloride",Ethylene glycol,1;4,348.15,604.66,44.874,0.9488,1071.8000000000002,1071.4812,1070.2834,1068.6444
1139,Tetrabutylammonium chloride,Propionic acid,1;2,308.15,650.01,28.199,0.6578,959.4,1006.1504,1014.33057,998.70825
734,Choline chloride,Phenol,1;5,293.2,660.49,51.686,0.4848,1089.8000000000002,1118.7734,1114.5837,1092.0092
21,Acetyl choline chloride,D-Glucose,1;1,298.15,839.54,25.931,1.3571,1263.0,1273.975,1268.0056,1286.0718
797,L-proline,Lactic acid,1;1,318.15,721.95,48.538,0.8243,1247.6000000000001,1199.1324,1208.5925,1209.6229
381,Choline chloride,D-Fructose,2;1,298.15,742.22,27.034,1.2278,1277.9,1168.0219,1231.6381,1187.9498
279,benzyldimethyl(2-hydroxyethyl) ammonium chloride,D-Fructose,1;1,318.15,906.55,22.857,1.5331,1227.0,1257.9806,1255.3782,1270.1107
588,Choline chloride,Glycerol,1;3,328.15,688.99,34.58,1.2835,1186.8000000000002,1194.6548,1201.2162,1171.7748
854,Methyl triphenylphosphonium bromide,Ethylene glycol,1;5.25,313.15,666.5,42.132,0.9354,1208.6,1192.9386,1211.2445,1186.3274
500,Choline chloride,Ethylene glycol,1;2.03,343.15,601.93,41.105,0.9162,1091.6,1080.6592,1086.4896,1084.2528
838,Methyl triphenylphosphonium bromide,Ethylene glycol,1;4,308.15,684.73,39.865,0.921,1225.6,1221.7377,1218.7432,1207.5583
519,Choline chloride,Ethylene glycol,1;2.57,363.15,600.98,42.868,0.9278,1078.8,1070.7544,1076.0392,1080.4098
130,Allyl triphenylphosphonium bromide,Diethylene glycol,1;4,343.15,756.24,30.004,0.97,1164.1999999999998,1196.3207,1208.6113,1190.1069
553,Choline chloride,Glycerol,1;2,313.15,680.67,33.459,1.2254,1182.7,1177.5226,1178.8467,1157.1307
1079,Tetrabutylammonium chloride,Ethylene glycol,1;4,303.15,590.61,41.852,0.8997,1138.0,1076.5835,1102.729,1107.3207
905,Methyl triphenylphosphonium bromide,Glycerol,1;4,308.15,783.62,31.558,1.2929,1281.7,1275.3293,1275.2201,1321.7477
917,Methyl triphenylphosphonium bromide,Glycerol,1;4,368.15,783.62,31.558,1.2929,1238.6,1227.6891,1256.7833,1278.747
73,Acetyl choline chloride,Guaiacol,1;3,303.15,714.77,40.291,0.5138,1146.1,1117.9998,1132.6276,1142.5835
494,Choline chloride,Ethylene glycol,1;2.03,313.15,601.93,41.105,0.9162,1108.8,1084.0603,1101.0947,1098.4047
1100,Tetrabutylammonium chloride,Glutamic acid,10;1,333.15,787.43,14.391,0.8837,942.9,953.42413,969.173,970.2215
1135,Tetrabutylammonium chloride,Propionic acid,1;2,288.15,650.01,28.199,0.6578,972.4000000000001,1003.2679,1020.76355,999.70404
1063,Tetrabutylammonium chloride,Aspartic acid,11;1,353.15,784.73,14.38,0.8799,928.0,935.4867,955.01917,960.7096
571,Choline chloride,Glycerol,1;2.03,318.15,681.0,33.502,1.2277,1181.4,1174.9926,1179.1963,1155.9045
1173,Tetrabutylammonium chloride,Triethylene glycol,4;1,353.15,770.09,14.964,0.9074,955.0,955.277,965.9626,979.4307
918,"N,N diethylenethanol ammonium chloride",Ethylene glycol,1;2,298.15,610.52,39.503,0.9195,1099.9,1086.4979,1100.6288,1100.727
912,Methyl triphenylphosphonium bromide,Glycerol,1;4,343.15,783.62,31.558,1.2929,1256.8,1239.4203,1265.3496,1293.9742
715,Choline chloride,P-Cresol,1;2,333.15,668.78,35.458,0.8887,1039.8,1130.9426,1094.5787,1125.8741
75,Acetyl choline chloride,Guaiacol,1;3,323.15,714.77,40.291,0.5138,1133.8,1112.8252,1123.4393,1142.5817
497,Choline chloride,Ethylene glycol,1;2.03,328.15,601.93,41.105,0.9162,1100.1000000000001,1083.3195,1091.3906,1086.6844
61,Acetyl choline chloride,D-Xylose,1;1,303.15,782.87,27.631,1.2284,1251.0,1263.2573,1263.0435,1265.2882
56,Acetyl choline chloride,D-Ribose,1;1,343.15,790.74,25.834,1.2391,1226.0,1212.2948,1202.2513,1197.0093
1152,Tetrabutylammonium chloride,Triethylene glycol,1;1,353.15,756.55,18.008,0.9818,991.0,1006.3823,991.72876,1013.67755
295,benzyldimethyl(2-hydroxyethyl) ammonium chloride,D-Glucose,1;1,333.15,901.37,23.127,1.5158,1232.0,1250.8815,1253.2305,1264.5841
889,Methyl triphenylphosphonium bromide,Glycerol,1;3,303.15,801.64,30.416,1.2518,1294.5,1301.3778,1311.3147,1300.6984
227,Benzyl tripropyl ammonium Chloride,Oxalic acid,1;1,333.15,774.01,27.293,0.8586,1234.0,1154.4631,1188.6826,1191.6951
883,Methyl triphenylphosphonium bromide,Glycerol,1;2.03,348.15,831.16,28.884,1.1859,1271.5,1259.7213,1273.2086,1269.6833
597,Choline chloride,Glycolic acid,1;1,293.15,641.53,38.243,0.8667,1198.0,1120.9868,1115.6736,1148.7455
145,Allyl triphenylphosphonium bromide,Diethylene glycol,1;16,308.15,696.23,34.033,1.0176,1135.5,1150.1239,1146.302,1133.2461
71,Acetyl choline chloride,D-Xylose,1;1,353.15,782.87,27.631,1.2284,1220.0,1263.0057,1242.6512,1239.9357
127,Allyl triphenylphosphonium bromide,Diethylene glycol,1;4,328.15,756.24,30.004,0.97,1175.4,1199.3805,1202.2567,1191.5054
481,Choline chloride,Ethylene glycol,1;2,333.15,602.0,40.993,0.9155,1097.0,1082.192,1089.0131,1085.3623
1202,Tetrahexylammonium bromide,Ethylene glycol,1;2,323.15,710.19,22.824,1.0056,988.6,1046.1746,1041.5591,1002.50684
16,Acetyl choline chloride,D-Fructose,1;1,338.15,844.6,25.637,1.3743,1237.0,1251.8837,1256.1274,1266.7883
176,Allyl triphenylphosphonium bromide,Triethylene glycol,1;16,298.15,765.16,26.734,1.0819,1142.5,1161.6204,1155.2942,1183.3186
249,Betaine,Lactic acid,1;2,333.15,668.5,44.088,0.7863,1176.9,1176.4263,1167.7634,1199.081
1237,Trimethylglicine,Phenylacetic acid,1;2,348.15,725.69,37.334,0.5804,1120.0,1168.5453,1145.3746,1148.0438
1008,"N,N diethylenethanol ammonium chloride",Glycerol,1;3,348.15,695.61,33.703,1.2865,1174.6000000000001,1184.4679,1170.8494,1186.1538
263,Betaine,Levulinic acid,1;2,293.15,701.24,38.938,0.6195,1161.8999999999999,1129.4336,1143.4872,1129.6055
59,Acetyl choline chloride,D-Xylose,1;1,293.15,782.87,27.631,1.2284,1257.0,1263.0299,1267.1329,1270.4495
321,benzyldimethyl(2-hydroxyethyl) ammonium chloride,D-Ribose,1;1,333.15,851.41,23.211,1.3978,1221.0,1232.7589,1226.4181,1232.2274
193,Benzyl tripropyl ammonium Chloride,Ethylene Glycol,1;3,328.15,644.1,33.781,0.9375,1042.1000000000001,1093.0775,1069.6649,1076.5294
306,benzyldimethyl(2-hydroxyethyl) ammonium chloride,D-Mannose,1;1,323.15,908.27,21.009,1.5684,1246.0,1240.5798,1236.5588,1237.5182
86,Acetyl choline chloride,Imidazole,1;1.5,323.15,646.03,40.667,0.4497,1115.3999999999999,1095.7848,1120.0375,1123.4518
492,Choline chloride,Ethylene glycol,1;2.03,303.15,601.93,41.105,0.9162,1114.6000000000001,1087.8615,1108.3021,1106.2181
954,"N,N diethylenethanol ammonium chloride",Ethylene glycol,1;3,353.15,606.72,42.693,0.9378,1067.5,1091.8295,1076.9307,1077.5731
